City_ID,City,Country,Date,Lat,Lng,Max Temp,Humidity,Cloudiness,Wind Speed
0,Albany,US,2022-03-08 15:25:44,42.6001,-73.9662,35.17,49,21,5.01
1,Puri,IN,2022-03-08 15:29:59,19.8,85.85,79.32,73,0,10.71
2,Rikitea,PF,2022-03-08 15:29:59,-23.1203,-134.9692,78.53,73,96,9.73
3,Buduslau,RO,2022-03-08 15:29:59,47.4,22.2667,42.82,38,95,10.29
4,San Patricio,US,2022-03-08 15:30:00,28.017,-97.5169,50.09,87,100,9.08
5,Hobart,AU,2022-03-08 15:30:00,-42.8794,147.3294,47.05,81,38,9.22
6,Korla,CN,2022-03-08 15:30:00,41.7597,86.1469,53.13,27,17,7.25
7,Castro,BR,2022-03-08 15:30:01,-24.7911,-50.0119,80.62,60,2,2.48
8,Praia Da Vitoria,PT,2022-03-08 15:30:02,38.7333,-27.0667,61.05,88,75,25.32
9,Busselton,AU,2022-03-08 15:30:03,-33.65,115.3333,72.05,46,79,10.92
10,Qaanaaq,GL,2022-03-08 15:30:04,77.484,-69.3632,-2.49,75,96,6.8
11,Hofn,IS,2022-03-08 15:30:05,64.2539,-15.2082,41.09,84,100,24.99
12,Jamestown,US,2022-03-08 15:28:36,42.097,-79.2353,31.32,51,100,11.5
13,Kiunga,PG,2022-03-08 15:30:07,-6.1219,141.2906,73.0,100,100,1.83
14,Petrovsk-Zabaykalskiy,RU,2022-03-08 15:30:08,51.273,108.843,16.93,100,82,0.81
15,Punta Arenas,CL,2022-03-08 15:29:31,-53.15,-70.9167,55.42,93,75,6.91
16,Saint-Philippe,RE,2022-03-08 15:30:10,-21.3585,55.7679,80.19,87,70,9.98
17,Vaini,TO,2022-03-08 15:30:11,-21.2,-175.2,73.56,94,75,4.61
18,Srednekolymsk,RU,2022-03-08 15:30:11,67.45,153.6833,-8.18,93,100,5.59
19,Valle De Allende,MX,2022-03-08 15:30:12,26.9333,-105.4,59.49,11,0,4.5
20,Severo-Kurilsk,RU,2022-03-08 15:30:12,50.6789,156.125,30.15,93,94,2.66
21,Plettenberg Bay,ZA,2022-03-08 15:30:13,-34.0527,23.3716,70.16,85,40,10.94
22,Camacha,PT,2022-03-08 15:30:13,33.0833,-16.3333,63.54,55,20,8.05
23,Mar Del Plata,AR,2022-03-08 15:28:21,-38.0023,-57.5575,75.22,63,0,6.91
24,Bredasdorp,ZA,2022-03-08 15:30:14,-34.5322,20.0403,75.27,69,66,16.11
25,Kirakira,SB,2022-03-08 15:30:14,-10.4544,161.9205,80.42,82,98,1.9
26,Nikolskoye,RU,2022-03-08 15:30:14,59.7035,30.7861,19.8,95,52,3.44
27,Hoi An,VN,2022-03-08 15:30:15,15.8794,108.335,73.36,69,43,3.09
28,Flinders,AU,2022-03-08 15:30:15,-34.5833,150.8552,68.2,90,100,14.0
29,East London,ZA,2022-03-08 15:30:16,-33.0153,27.9116,74.34,78,20,6.91
30,Mataura,NZ,2022-03-08 15:30:16,-46.1927,168.8643,55.47,74,88,0.51
31,Epitalion,GR,2022-03-08 15:30:17,37.6333,21.5,53.28,68,6,8.97
32,Upernavik,GL,2022-03-08 15:30:17,72.7868,-56.1549,4.06,91,98,6.58
33,Port Hardy,CA,2022-03-08 15:30:18,50.6996,-127.4199,44.6,87,75,4.61
34,Kruisfontein,ZA,2022-03-08 15:30:18,-34.0033,24.7314,70.88,72,73,12.68
35,Soyo,AO,2022-03-08 15:30:18,-6.1349,12.3689,87.85,72,74,10.38
36,Verkhnetulomskiy,RU,2022-03-08 15:30:19,68.6073,31.7962,21.33,97,86,4.59
37,Barrow,US,2022-03-08 15:30:19,71.2906,-156.7887,-0.38,78,100,11.5
38,Port Alfred,ZA,2022-03-08 15:30:20,-33.5906,26.891,73.2,74,88,10.04
39,Saint-Augustin,CA,2022-03-08 15:30:20,51.226,-58.6502,26.64,96,100,19.48
40,Avarua,CK,2022-03-08 15:30:21,-21.2078,-159.775,78.85,89,75,9.22
41,Carnarvon,AU,2022-03-08 15:30:21,-24.8667,113.6333,84.27,51,0,11.5
42,Hovd,MN,2022-03-08 15:30:22,48.0056,91.6419,19.35,63,0,9.26
43,Ushuaia,AR,2022-03-08 15:30:22,-54.8,-68.3,56.86,62,75,16.11
44,Tual,ID,2022-03-08 15:30:23,-5.6667,132.75,83.14,72,95,4.74
45,Christchurch,NZ,2022-03-08 15:29:26,-43.5333,172.6333,59.02,90,75,2.3
46,Hanzhong,CN,2022-03-08 15:31:25,33.0728,107.0303,60.13,60,0,1.25
47,Kodiak,US,2022-03-08 15:31:25,57.79,-152.4072,40.51,93,100,11.5
48,Hithadhoo,MV,2022-03-08 15:31:26,-0.6,73.0833,83.52,66,100,11.54
49,Hermanus,ZA,2022-03-08 15:31:26,-34.4187,19.2345,84.9,63,35,17.92
50,Beni Suef,EG,2022-03-08 15:31:26,29.0731,31.0979,74.97,20,39,6.64
51,Butaritari,KI,2022-03-08 15:31:27,3.0707,172.7902,79.68,82,100,15.73
52,Geraldton,AU,2022-03-08 15:27:05,-28.7667,114.6,72.01,88,0,9.22
53,Salym,RU,2022-03-08 15:31:27,60.0625,71.4789,-6.11,94,100,6.82
54,Muros,ES,2022-03-08 15:31:27,42.7762,-9.0603,60.24,64,42,10.87
55,Isangel,VU,2022-03-08 15:31:28,-19.55,169.2667,75.31,94,86,4.61
56,Bluff,NZ,2022-03-08 15:31:28,-46.6,168.3333,55.8,88,100,12.84
57,Yellowknife,CA,2022-03-08 15:31:28,62.456,-114.3525,-7.08,77,20,14.97
58,Zhigansk,RU,2022-03-08 15:31:29,66.7697,123.3711,-18.81,99,22,8.88
59,Walvis Bay,NA,2022-03-08 15:31:29,-22.9575,14.5053,72.55,64,43,8.05
60,Sao Gabriel Da Cachoeira,BR,2022-03-08 15:31:29,-0.1303,-67.0892,80.4,83,40,9.22
61,Beringovskiy,RU,2022-03-08 15:31:30,63.05,179.3167,25.99,97,100,7.25
62,San Cristobal,VE,2022-03-08 15:31:30,7.7669,-72.225,68.18,48,54,1.57
63,Kutum,SD,2022-03-08 15:31:30,14.2,24.6667,86.43,8,100,3.98
64,Haines Junction,CA,2022-03-08 15:31:31,60.7522,-137.5108,-14.85,84,94,2.3
65,Vanimo,PG,2022-03-08 15:31:31,-2.6741,141.3028,75.92,91,97,3.15
66,Cape Town,ZA,2022-03-08 15:30:45,-33.9258,18.4232,85.12,44,0,18.41
67,Nanortalik,GL,2022-03-08 15:31:32,60.1432,-45.2371,20.97,64,13,10.13
68,Kamenka,RU,2022-03-08 15:31:32,51.3223,42.7678,24.75,96,99,3.65
69,Zhezkazgan,KZ,2022-03-08 15:31:32,47.8043,67.7144,10.09,90,35,7.92
70,Muzhi,RU,2022-03-08 15:31:33,65.3667,64.6667,-20.27,91,93,5.3
71,Khatanga,RU,2022-03-08 15:31:33,71.9667,102.5,-6.43,82,68,12.28
72,Pevek,RU,2022-03-08 15:31:33,69.7008,170.3133,-13.77,100,81,2.39
73,El Rusio,HN,2022-03-08 15:31:34,14.4667,-86.3667,74.84,61,100,3.87
74,Sarahan,IN,2022-03-08 15:31:34,31.5167,77.8,43.34,44,10,9.93
75,Atuona,PF,2022-03-08 15:31:34,-9.8,-139.0333,78.3,78,37,18.57
76,Japura,ID,2022-03-08 15:31:35,-0.3167,102.35,75.04,98,90,1.16
77,Port Elizabeth,ZA,2022-03-08 15:31:35,-33.918,25.5701,73.69,78,20,6.91
78,Kaitangata,NZ,2022-03-08 15:31:35,-46.2817,169.8464,55.13,92,52,4.41
79,Omsukchan,RU,2022-03-08 15:31:36,62.5333,155.8,0.32,98,100,5.66
80,Arraial Do Cabo,BR,2022-03-08 15:29:22,-22.9661,-42.0278,89.56,48,0,19.57
81,Hilo,US,2022-03-08 15:28:16,19.7297,-155.09,70.61,74,75,6.91
82,Kabanjahe,ID,2022-03-08 15:31:36,3.1001,98.4908,63.36,96,100,2.19
83,Luhyny,UA,2022-03-08 15:31:37,51.082,28.4006,26.22,51,94,10.71
84,Tuatapere,NZ,2022-03-08 15:31:37,-46.1333,167.6833,55.81,83,99,2.73
85,Izumo,JP,2022-03-08 15:31:37,35.3667,132.7667,35.55,71,27,4.29
86,Provideniya,RU,2022-03-08 15:31:38,64.3833,-173.3,15.76,72,0,9.24
87,Nianzishan,CN,2022-03-08 15:32:38,47.5167,122.8833,30.6,77,3,5.1
88,Luderitz,NA,2022-03-08 15:32:39,-26.6481,15.1594,75.94,62,0,23.55
89,Aswan,EG,2022-03-08 15:32:39,24.0934,32.907,92.5,9,35,13.8
90,Tuktoyaktuk,CA,2022-03-08 15:32:40,69.4541,-133.0374,-5.8,84,40,6.91
91,Coquimbo,CL,2022-03-08 15:32:40,-29.9533,-71.3436,65.93,72,40,9.22
92,Mirante Do Paranapanema,BR,2022-03-08 15:32:40,-22.2919,-51.9064,93.13,45,0,4.18
93,Chuy,UY,2022-03-08 15:32:41,-33.6971,-53.4616,78.4,42,0,2.84
94,Broome,US,2022-03-08 15:32:41,42.2506,-75.833,36.21,61,75,13.8
95,Longyearbyen,SJ,2022-03-08 15:32:42,78.2186,15.6401,24.64,74,40,9.22
96,Nurota,UZ,2022-03-08 15:32:42,40.5614,65.6886,46.49,74,100,3.6
97,Olafsvik,IS,2022-03-08 15:32:42,64.8945,-23.7142,41.45,86,100,35.54
98,Paita,PE,2022-03-08 15:32:43,-5.0892,-81.1144,86.56,62,93,3.56
99,Fortuna,US,2022-03-08 15:32:43,40.5982,-124.1573,34.72,100,100,8.05
100,Santarem,BR,2022-03-08 15:32:43,-2.4431,-54.7083,82.53,83,75,9.22
101,Nyurba,RU,2022-03-08 15:32:44,63.2842,118.3319,-19.35,100,91,2.1
102,Chifeng,CN,2022-03-08 15:29:54,42.2683,118.9636,36.48,41,0,1.61
103,Lensk,RU,2022-03-08 15:32:44,60.7253,114.9278,9.32,95,100,5.97
104,Norman Wells,CA,2022-03-08 15:32:45,65.282,-126.8329,3.24,78,100,4.61
105,Grand-Lahou,CI,2022-03-08 15:32:45,5.1367,-5.0242,85.01,73,30,8.86
106,Kapaa,US,2022-03-08 15:32:45,22.0752,-159.319,72.12,82,100,20.71
107,Nanakuli,US,2022-03-08 15:32:46,21.3906,-158.1547,74.1,77,40,5.75
108,Nouadhibou,MR,2022-03-08 15:32:46,20.931,-17.0347,71.58,53,79,19.57
109,Poum,NC,2022-03-08 15:32:46,-20.2333,164.0167,81.0,73,14,4.79
110,Zhanakorgan,KZ,2022-03-08 15:32:47,43.9098,67.2495,43.95,42,57,5.37
111,Bording,DK,2022-03-08 15:32:47,56.1465,9.2753,48.43,49,1,2.3
112,Omboue,GA,2022-03-08 15:32:47,-1.5746,9.2618,83.79,78,98,9.33
113,Russell,US,2022-03-08 15:32:48,32.3502,-85.1999,60.08,86,100,4.61
114,Gopalpur,IN,2022-03-08 15:32:48,19.2667,84.9167,76.75,76,0,9.44
115,Boyolangu,ID,2022-03-08 15:32:48,-8.1181,111.8935,75.65,93,100,1.86
116,Saldanha,ZA,2022-03-08 15:32:49,-33.0117,17.9442,84.25,75,22,14.38
117,Rocha,UY,2022-03-08 15:32:49,-34.4833,-54.3333,79.12,41,0,6.55
118,Tiksi,RU,2022-03-08 15:32:49,71.6872,128.8694,-24.54,100,98,1.88
119,Macusani,PE,2022-03-08 15:32:50,-14.0833,-70.4333,47.07,67,77,9.55
120,Chokurdakh,RU,2022-03-08 15:32:50,70.6333,147.9167,-31.85,100,30,3.02
121,Ossora,RU,2022-03-08 15:32:50,59.2353,163.0719,31.68,91,100,15.88
122,Port Augusta,AU,2022-03-08 15:31:31,-32.5,137.7667,64.54,61,0,17.69
123,Aksha,RU,2022-03-08 15:32:51,50.2814,113.2867,26.13,85,100,2.75
124,Iskateley,RU,2022-03-08 15:32:51,67.6803,53.1512,2.84,95,100,10.71
125,Siniscola,IT,2022-03-08 15:32:51,40.5719,9.6922,51.35,47,4,12.48
126,Waipawa,NZ,2022-03-08 15:32:52,-41.4122,175.5153,63.45,88,0,6.73
127,Margate,GB,2022-03-08 15:32:52,51.3813,1.3862,52.86,54,1,4.0
128,New Norfolk,AU,2022-03-08 15:32:52,-42.7826,147.0587,46.71,62,17,1.92
129,Conde,BR,2022-03-08 15:32:53,-7.2597,-34.9075,87.26,62,40,11.5
130,Alice Town,BS,2022-03-08 15:32:53,25.7167,-79.3,75.85,81,6,15.73
131,Dzhebariki-Khaya,RU,2022-03-08 15:32:53,62.2167,135.8,-15.84,100,96,0.69
132,Ust-Kuyga,RU,2022-03-08 15:33:54,70.0167,135.6,-32.39,100,59,2.57
133,Nemuro,JP,2022-03-08 15:33:54,43.3236,145.575,28.76,91,69,5.86
134,Beeville,US,2022-03-08 15:33:54,28.4008,-97.7483,46.51,76,100,6.91
135,Odienne,CI,2022-03-08 15:33:55,9.51,-7.5692,101.14,9,3,5.93
136,Dillon,US,2022-03-08 15:33:32,34.4166,-79.3712,69.51,49,42,12.06
137,Georgetown,MY,2022-03-08 15:32:56,5.4112,100.3354,78.73,99,40,8.05
138,Natchez,US,2022-03-08 15:33:55,31.5604,-91.4032,47.64,73,100,9.22
139,Hami,CN,2022-03-08 15:33:56,42.8,93.45,48.31,32,0,8.99
140,Fougamou,GA,2022-03-08 15:33:56,-1.2154,10.5838,84.67,85,100,3.18
141,Lukovetskiy,RU,2022-03-08 15:33:56,64.2956,41.9211,6.78,97,100,3.15
142,Villa Carlos Paz,AR,2022-03-08 15:33:57,-31.4241,-64.4978,76.06,36,13,7.0
143,Elat,IL,2022-03-08 15:33:57,29.5581,34.9482,71.44,33,90,5.75
144,Saint-Joseph,RE,2022-03-08 15:33:57,-21.3667,55.6167,79.18,86,56,8.5
145,Bin Qirdan,TN,2022-03-08 15:33:58,33.1378,11.2197,57.96,58,38,11.3
146,Juneau,US,2022-03-08 15:33:58,58.3019,-134.4197,28.45,90,20,0.0
147,Ponta Do Sol,PT,2022-03-08 15:33:58,32.6667,-17.1,66.0,56,70,4.34
148,Mahebourg,MU,2022-03-08 15:33:59,-20.4081,57.7,79.09,89,75,4.61
149,Tasiilaq,GL,2022-03-08 15:33:59,65.6145,-37.6368,21.36,73,43,3.31
150,Bambous Virieux,MU,2022-03-08 15:33:59,-20.3428,57.7575,79.05,89,75,4.61
151,Kaeo,NZ,2022-03-08 15:34:00,-35.1,173.7833,63.32,93,99,8.48
152,Ostrovnoy,RU,2022-03-08 15:34:00,68.0531,39.5131,15.35,92,100,17.56
153,Mahajanga,MG,2022-03-08 15:30:42,-15.7167,46.3167,84.22,84,40,3.44
154,Miles City,US,2022-03-08 15:34:01,46.4083,-105.8406,23.5,73,100,17.27
155,Kununurra,AU,2022-03-08 15:34:01,-15.7667,128.7333,75.18,88,40,8.05
156,Kargasok,RU,2022-03-08 15:34:01,59.0556,80.8572,0.09,91,100,13.18
157,Lasa,IT,2022-03-08 15:34:01,46.6166,10.7002,44.51,69,19,0.89
158,Chon Daen,TH,2022-03-08 15:34:02,16.1895,100.8596,84.18,52,98,3.51
159,Victoria,HK,2022-03-08 15:32:00,22.2855,114.1577,64.09,69,2,10.0
160,Santa Rosa,PH,2022-03-08 15:34:03,14.3122,121.1114,82.38,69,28,12.24
161,Palmer,US,2022-03-08 15:34:03,42.1584,-72.3287,41.14,41,40,28.77
162,Ejura,GH,2022-03-08 15:34:03,7.3856,-1.3562,99.88,26,11,4.16
163,Great Falls,US,2022-03-08 15:34:04,47.5002,-111.3008,16.99,84,100,18.41
164,Trelew,AR,2022-03-08 15:34:04,-43.249,-65.3051,82.17,15,33,35.81
165,Monteagudo,BO,2022-03-08 15:34:05,-19.8167,-63.9833,80.38,56,100,4.09
166,Puerto Ayora,EC,2022-03-08 15:34:05,-0.7393,-90.3518,82.36,88,16,5.99
167,Los Llanos De Aridane,ES,2022-03-08 15:34:06,28.6585,-17.9182,65.95,76,20,5.75
168,Dalbandin,PK,2022-03-08 15:34:06,28.8947,64.4101,64.74,55,79,12.28
169,Bukama,CD,2022-03-08 15:34:06,-9.2,25.85,76.62,88,71,3.31
170,Sambava,MG,2022-03-08 15:34:07,-14.2667,50.1667,76.05,95,100,8.7
171,Alofi,NU,2022-03-08 15:29:23,-19.0595,-169.9187,75.09,100,100,0.0
172,Qaqortoq,GL,2022-03-08 15:34:07,60.7167,-46.0333,14.5,60,11,4.94
173,Bengkulu,ID,2022-03-08 15:33:47,-3.8004,102.2655,77.4,84,100,3.69
174,Zelenoborskiy,RU,2022-03-08 15:34:08,66.845,32.3622,6.21,99,83,3.4
175,Honningsvag,NO,2022-03-08 15:34:08,70.9821,25.9704,35.35,87,75,23.02
176,Sabalgarh,IN,2022-03-08 15:34:08,26.25,77.4,75.83,24,70,4.03
177,Nhulunbuy,AU,2022-03-08 15:34:09,-12.2333,136.7667,83.01,83,93,5.75
178,Kishi,NG,2022-03-08 15:35:09,9.0833,3.85,99.28,23,8,1.7
179,Beitbridge,ZW,2022-03-08 15:35:09,-22.2167,30.0,90.32,33,13,19.71
180,Liverpool,GB,2022-03-08 15:33:34,53.4106,-2.9779,53.29,65,40,11.5
181,Constitucion,CL,2022-03-08 15:35:10,-35.3333,-72.4167,65.08,62,0,8.41
182,Sotnikovo,RU,2022-03-08 15:35:10,51.8845,107.4791,19.49,86,82,6.71
183,Maraa,BR,2022-03-08 15:35:10,-1.8333,-65.3667,70.36,99,100,2.42
184,Mizdah,LY,2022-03-08 15:35:11,31.4451,12.9801,56.25,55,97,12.35
185,Cabo San Lucas,MX,2022-03-08 15:35:11,22.8909,-109.9124,66.61,72,0,0.0
186,Vostok,RU,2022-03-08 15:35:11,46.4856,135.8833,6.58,98,72,4.63
187,Baruun-Urt,MN,2022-03-08 15:35:12,46.6806,113.2792,29.98,56,100,13.11
188,Ancud,CL,2022-03-08 15:35:12,-41.8697,-73.8203,53.13,82,100,20.27
189,Santiago Del Estero,AR,2022-03-08 15:35:13,-27.7951,-64.2615,67.51,94,100,4.36
190,La Libertad,EC,2022-03-08 15:35:13,-2.2333,-80.9,83.86,74,75,6.91
191,Oussouye,SN,2022-03-08 15:35:14,12.485,-16.5469,102.38,15,8,8.01
192,Marystown,CA,2022-03-08 15:35:14,47.1666,-55.1483,41.86,100,100,8.01
193,Aska,IN,2022-03-08 15:35:14,19.6061,84.6725,74.16,66,0,1.92
194,Bathsheba,BB,2022-03-08 15:35:15,13.2167,-59.5167,83.01,61,40,19.57
195,Quesnel,CA,2022-03-08 15:35:15,52.9999,-122.5029,21.7,63,0,10.36
196,Port Moresby,PG,2022-03-08 15:31:06,-9.4431,147.1797,74.62,100,40,4.61
197,Vardo,NO,2022-03-08 15:35:15,70.3705,31.1107,31.75,86,40,20.71
198,Belmonte,BR,2022-03-08 15:35:16,-15.8631,-38.8828,82.9,61,43,10.09
199,Muncar,ID,2022-03-08 15:35:16,-8.4333,114.3333,76.57,90,99,2.42
200,Tianpeng,CN,2022-03-08 15:35:17,30.9866,103.9393,61.27,66,6,4.7
201,Teya,RU,2022-03-08 15:35:17,60.3778,92.6267,10.33,89,100,10.27
202,Samarai,PG,2022-03-08 15:35:17,-10.6167,150.6667,82.76,79,83,8.57
203,Yanam,IN,2022-03-08 15:35:18,16.7333,82.2167,79.2,79,0,1.88
204,Batagay-Alyta,RU,2022-03-08 15:35:18,67.8006,130.4114,-28.28,93,72,4.9
205,Vestmannaeyjar,IS,2022-03-08 15:32:41,63.4427,-20.2734,45.59,76,75,35.68
206,Dikson,RU,2022-03-08 15:35:19,73.5069,80.5464,-27.38,100,56,7.52
207,Gweta,BW,2022-03-08 15:35:19,-20.1833,25.2333,83.79,44,75,6.78
208,Daru,PG,2022-03-08 15:35:19,-9.0763,143.2092,78.04,87,100,2.75
209,Presidencia Roque Saenz Pena,AR,2022-03-08 15:35:20,-26.7852,-60.4388,88.34,52,100,4.05
210,Esperance,AU,2022-03-08 15:35:20,-33.8667,121.9,64.24,77,9,16.67
211,Lagoa,PT,2022-03-08 15:35:20,39.05,-27.9833,59.85,87,100,36.71
212,Tecolutla,MX,2022-03-08 15:35:21,20.4833,-97.0167,66.06,87,100,8.68
213,Oxapampa,PE,2022-03-08 15:35:21,-10.5775,-75.4017,69.28,75,65,4.81
214,Iqaluit,CA,2022-03-08 15:35:21,63.7506,-68.5145,-4.27,65,75,11.5
215,Guerrero Negro,MX,2022-03-08 15:35:22,27.9769,-114.0611,61.25,30,0,6.08
216,Otradnoye,RU,2022-03-08 15:35:22,59.7775,30.8181,19.96,95,50,3.47
217,Cidreira,BR,2022-03-08 15:35:23,-30.1811,-50.2056,79.38,71,18,11.41
218,Saskylakh,RU,2022-03-08 15:35:23,71.9167,114.0833,-28.61,100,78,5.08
219,Pocao De Pedras,BR,2022-03-08 15:35:23,-4.6667,-44.85,86.59,65,75,3.04
220,Luanda,AO,2022-03-08 15:35:24,-8.8368,13.2343,86.0,70,20,12.66
221,Bam,IR,2022-03-08 15:32:46,29.106,58.357,70.72,31,98,9.08
222,Port Antonio,JM,2022-03-08 15:35:24,18.18,-76.4612,86.0,63,1,7.58
223,Yankton,US,2022-03-08 15:35:25,42.8711,-97.3973,28.65,64,0,9.22
224,Caravelas,BR,2022-03-08 15:35:25,-17.7125,-39.2481,84.25,60,8,9.35
225,Cherskiy,RU,2022-03-08 15:36:25,68.75,161.3,-12.95,96,85,1.16
226,Sikasso,ML,2022-03-08 15:36:26,10.9167,-7.0,100.8,8,3,6.55
227,Rawlins,US,2022-03-08 15:36:26,41.7911,-107.2387,19.62,73,20,16.11
228,Buraydah,SA,2022-03-08 15:36:27,26.326,43.975,79.25,17,100,12.77
229,Te Anau,NZ,2022-03-08 15:36:27,-45.4167,167.7167,55.15,93,95,1.32
230,Nioro,GM,2022-03-08 15:36:27,13.35,-15.75,100.87,8,65,9.28
231,Shingu,JP,2022-03-08 15:36:28,33.7333,135.9833,40.91,65,4,6.26
232,Blackwater,AU,2022-03-08 15:36:28,-23.5833,148.8833,80.06,74,11,8.05
233,Whyalla,AU,2022-03-08 15:33:02,-33.0333,137.5833,64.29,72,0,14.97
234,Biloela,AU,2022-03-08 15:36:29,-24.4167,150.5,76.37,91,1,5.01
235,Honiara,SB,2022-03-08 15:35:04,-9.4333,159.95,78.85,85,100,0.72
236,Abomsa,ET,2022-03-08 15:36:29,9.9833,39.9833,77.7,26,17,5.86
237,Upington,ZA,2022-03-08 15:36:29,-28.4478,21.2561,89.98,33,40,9.22
238,Port Blair,IN,2022-03-08 15:36:30,11.6667,92.75,80.64,78,40,0.0
239,Airai,TL,2022-03-08 15:36:30,-8.9266,125.4092,59.23,95,100,2.19
240,Narsaq,GL,2022-03-08 15:36:30,60.9167,-46.05,14.22,57,15,4.88
241,Jiazi,CN,2022-03-08 15:36:31,22.8779,116.067,59.25,67,0,12.41
242,Rio Gallegos,AR,2022-03-08 15:36:31,-51.6226,-69.2181,57.25,58,75,19.57
243,Luganville,VU,2022-03-08 15:36:31,-15.5333,167.1667,79.63,84,99,1.39
244,Evensk,RU,2022-03-08 15:36:32,61.95,159.2333,22.73,71,100,18.12
245,Grand-Santi,GF,2022-03-08 15:36:32,4.25,-54.3833,74.34,98,100,3.09
246,Meulaboh,ID,2022-03-08 15:36:33,4.1363,96.1285,75.31,94,100,5.39
247,Storslett,NO,2022-03-08 15:36:33,69.7678,21.0247,32.0,59,20,9.22
248,Aleksandrovsk-Sakhalinskiy,RU,2022-03-08 15:36:33,50.8975,142.1561,15.85,96,100,6.53
249,Salalah,OM,2022-03-08 15:36:34,17.0151,54.0924,78.89,61,0,6.91
250,Ribeira Grande,PT,2022-03-08 15:36:34,38.5167,-28.7,63.0,82,75,33.38
251,Susanville,US,2022-03-08 15:36:34,40.4163,-120.653,32.81,74,0,0.0
252,Hamilton,US,2022-03-08 15:35:26,39.1834,-84.5333,39.36,66,100,3.44
253,Erice,IT,2022-03-08 15:36:35,38.037,12.5865,46.31,62,40,17.27
254,Ukiah,US,2022-03-08 15:36:35,39.1502,-123.2078,60.03,75,0,3.44
255,Port Lincoln,AU,2022-03-08 15:36:35,-34.7333,135.8667,60.12,69,11,18.43
256,Bethel,US,2022-03-08 15:36:36,41.3712,-73.414,43.48,50,75,17.27
257,Le Port,RE,2022-03-08 15:36:36,-20.9373,55.2919,80.6,81,80,6.33
258,Lhokseumawe,ID,2022-03-08 15:36:37,5.1801,97.1507,77.45,87,90,4.05
259,Bundaberg,AU,2022-03-08 15:32:19,-24.85,152.35,81.21,97,100,10.36
260,Ransang,PH,2022-03-08 15:36:37,8.9603,117.5828,77.94,89,42,8.21
261,Xining,CN,2022-03-08 15:36:37,36.6167,101.7667,46.45,32,89,1.77
262,Lieksa,FI,2022-03-08 15:36:38,63.3167,30.0167,16.74,95,100,6.13
263,Torbay,CA,2022-03-08 15:35:31,47.6666,-52.7314,40.28,97,100,26.46
264,Kloulklubed,PW,2022-03-08 15:36:38,7.0419,134.2556,75.7,76,92,8.28
265,Greenville,US,2022-03-08 15:34:25,35.6127,-77.3663,64.33,46,100,10.36
266,Tondano,ID,2022-03-08 15:36:39,1.3038,124.9112,68.09,92,93,1.97
267,Mandalgovi,MN,2022-03-08 15:37:39,45.7625,106.2708,33.89,37,87,8.99
268,Tegh,AM,2022-03-08 15:37:39,39.5579,46.4772,40.12,54,58,4.36
269,Gazojak,TM,2022-03-08 15:37:40,41.1875,61.4036,47.84,60,100,11.36
270,Khlung,TH,2022-03-08 15:37:40,12.4547,102.2214,85.03,100,100,1.52
271,Leninsk,RU,2022-03-08 15:37:40,48.7119,45.1994,31.86,88,100,6.38
272,Chuka,KE,2022-03-08 15:37:41,-0.3332,37.6459,72.41,50,54,5.86
273,Saquarema,BR,2022-03-08 15:37:41,-22.92,-42.5103,91.42,60,46,10.83
274,Sechura,PE,2022-03-08 15:37:41,-5.5569,-80.8222,84.15,53,66,2.44
275,Kavieng,PG,2022-03-08 15:37:42,-2.5744,150.7967,81.66,77,66,11.18
276,Rawson,AR,2022-03-08 15:37:42,-43.3002,-65.1023,80.22,19,23,34.99
277,Pangnirtung,CA,2022-03-08 15:37:42,66.1451,-65.7125,-2.2,78,100,3.44
278,Almeirim,BR,2022-03-08 15:37:43,-1.5233,-52.5817,82.99,75,93,5.23
279,Avera,US,2022-03-08 15:37:43,33.194,-82.5271,64.94,46,94,4.63
280,Gasa,PS,2022-03-08 15:32:44,31.5,34.4667,66.9,75,33,11.36
281,Vilyuysk,RU,2022-03-08 15:37:44,63.7553,121.6247,-22.76,100,32,1.83
282,Ahipara,NZ,2022-03-08 15:37:44,-35.1667,173.1667,64.27,82,25,7.43
283,Bandarbeyla,SO,2022-03-08 15:37:44,9.4942,50.8122,77.31,66,27,10.65
284,Sitka,US,2022-03-08 15:37:45,57.0531,-135.33,31.89,64,20,0.0
285,Sidoarjo,ID,2022-03-08 15:37:45,-7.4478,112.7183,81.05,94,20,5.75
286,Karratha,AU,2022-03-08 15:37:45,-20.7377,116.8463,87.67,48,40,10.63
287,Teknaf,BD,2022-03-08 15:37:46,20.8624,92.3058,72.34,70,0,3.94
288,Lavrentiya,RU,2022-03-08 15:37:46,65.5833,-171.0,5.94,80,9,5.44
289,Energeticheskiy,KZ,2022-03-08 15:37:46,43.4278,77.0222,41.56,75,100,4.47
290,Deputatskiy,RU,2022-03-08 15:37:47,69.3,139.9,-31.29,100,17,2.15
291,Sainte-Rose,GP,2022-03-08 15:37:47,16.3324,-61.6979,84.24,61,75,14.97
292,Sabha,LY,2022-03-08 15:37:47,27.0377,14.4283,71.98,28,0,17.92
293,Lebu,CL,2022-03-08 15:37:48,-37.6167,-73.65,61.59,77,84,16.31
294,Sorland,NO,2022-03-08 15:37:48,67.667,12.6934,39.06,93,100,3.44
295,Shaunavon,CA,2022-03-08 15:37:35,49.6501,-108.4181,8.38,90,100,21.03
296,Gat,IL,2022-03-08 15:37:49,31.61,34.7642,66.4,100,42,6.85
297,Jumla,NP,2022-03-08 15:37:49,29.2747,82.1838,45.12,47,78,4.72
298,Kattivakkam,IN,2022-03-08 15:37:49,13.2167,80.3167,82.08,81,4,6.82
299,Prince Rupert,CA,2022-03-08 15:37:50,54.3161,-130.3201,37.09,93,100,3.44
300,Mehamn,NO,2022-03-08 15:37:50,71.0357,27.8492,35.78,78,86,21.36
301,Huarmey,PE,2022-03-08 15:37:50,-10.0681,-78.1522,77.47,70,69,7.96
302,Springbok,ZA,2022-03-08 15:37:50,-29.6643,17.8865,81.28,34,76,8.97
303,Morris,US,2022-03-08 15:37:51,40.8334,-74.5329,42.82,43,40,14.97
304,Paso De Los Toros,UY,2022-03-08 15:37:51,-32.8167,-56.5167,77.34,46,0,6.29
305,Caranavi,BO,2022-03-08 15:37:52,-15.8167,-67.55,73.51,87,100,2.37
306,Kayerkan,RU,2022-03-08 15:37:52,69.3497,87.7602,-26.48,74,98,3.15
307,Orangeburg,US,2022-03-08 15:37:52,33.4918,-80.8557,70.72,74,20,4.61
308,Surt,LY,2022-03-08 15:37:53,31.2089,16.5887,60.06,64,27,14.99
309,Port Macquarie,AU,2022-03-08 15:37:05,-31.4333,152.9167,69.76,91,88,7.99
310,Cortes,ES,2022-03-08 15:37:53,41.9395,-1.4396,59.05,45,81,8.77
311,Tailai,CN,2022-03-08 15:37:53,46.3833,123.4,30.96,77,2,2.86
312,Lata,PT,2022-03-08 15:38:54,40.1629,-8.3327,62.08,68,67,6.69
313,Vakhrushevo,RU,2022-03-08 15:38:54,55.2317,61.7173,5.38,66,0,2.24
314,Calbuco,CL,2022-03-08 15:38:54,-41.768,-73.1273,56.41,88,100,14.7
315,Birin,NP,2022-03-08 15:38:55,26.8865,88.0718,59.31,32,8,5.5
316,Havre-Saint-Pierre,CA,2022-03-08 15:38:55,50.2334,-63.5986,25.39,86,100,14.97
317,Aklavik,CA,2022-03-08 15:38:55,68.2191,-135.0107,2.12,84,20,4.61
318,Saint-Pierre,RE,2022-03-08 15:38:56,-21.3393,55.4781,80.28,80,100,4.61
319,Sisimiut,GL,2022-03-08 15:38:56,66.9395,-53.6735,10.45,81,98,1.32
320,Faanui,PF,2022-03-08 15:38:56,-16.4833,-151.75,80.74,75,100,13.98
321,Yuli,NG,2022-03-08 15:38:57,9.6989,10.2744,103.42,15,100,5.99
322,Segou,ML,2022-03-08 15:38:57,13.4317,-6.2157,95.05,8,62,10.16
323,Northam,GB,2022-03-08 15:38:57,51.0333,-4.2167,51.42,80,100,16.8
324,Asau,RO,2022-03-08 15:38:58,46.4333,26.4,36.75,71,100,4.79
325,Dunedin,NZ,2022-03-08 15:38:58,-45.8742,170.5036,62.8,73,80,1.99
326,Lompoc,US,2022-03-08 15:38:58,34.6391,-120.4579,64.13,81,0,10.36
327,Mzimba,MW,2022-03-08 15:38:59,-11.9,33.6,68.09,93,100,4.38
328,Okha,RU,2022-03-08 15:37:01,53.5739,142.9478,-0.38,99,61,9.28
329,Ostersund,SE,2022-03-08 15:38:59,63.1792,14.6357,37.85,70,0,5.75
330,Sterling,US,2022-03-08 15:38:59,39.0062,-77.4286,49.32,48,75,17.27
331,Peniche,PT,2022-03-08 15:39:00,39.3558,-9.3811,62.55,80,8,10.33
332,Grindavik,IS,2022-03-08 15:39:00,63.8424,-22.4338,42.75,93,100,41.43
333,Dryden,CA,2022-03-08 15:39:01,49.7833,-92.7503,23.29,86,100,11.5
334,Kemi,FI,2022-03-08 15:39:01,65.8596,24.8228,22.77,86,100,2.3
335,Pitimbu,BR,2022-03-08 15:39:01,-7.4706,-34.8086,88.39,62,98,10.6
336,Comodoro Rivadavia,AR,2022-03-08 15:39:02,-45.8667,-67.5,64.26,36,0,11.5
337,Noumea,NC,2022-03-08 15:39:02,-22.2763,166.4572,81.0,99,22,1.59
338,Avesta,SE,2022-03-08 15:39:03,60.1455,16.1679,39.92,91,96,2.44
339,Kahului,US,2022-03-08 15:39:03,20.8947,-156.47,73.85,83,0,4.61
340,Fort Nelson,CA,2022-03-08 15:39:03,58.8053,-122.7002,15.39,86,100,2.3
341,Husavik,IS,2022-03-08 15:39:04,66.0449,-17.3389,35.51,81,66,13.2
342,Boulder City,US,2022-03-08 15:39:04,35.9786,-114.8325,44.85,30,0,0.0
343,Poltavka,RU,2022-03-08 15:39:05,54.3663,71.7632,-6.65,98,7,7.43
344,Vila Franca Do Campo,PT,2022-03-08 15:39:05,37.7167,-25.4333,63.01,87,100,25.72
345,Port-Gentil,GA,2022-03-08 15:39:06,-0.7193,8.7815,87.76,66,20,5.75
346,Ust-Karsk,RU,2022-03-08 15:39:06,52.7011,118.8077,21.36,97,100,2.35
347,Bereda,ES,2022-03-08 15:39:06,43.2686,-7.5406,54.14,63,59,5.66
348,Marsh Harbour,BS,2022-03-08 15:35:31,26.5412,-77.0636,76.12,74,0,15.1
349,Launceston,AU,2022-03-08 15:39:07,-41.45,147.1667,50.14,75,90,9.22
350,Romos,RO,2022-03-08 15:39:07,45.8333,23.2833,33.85,61,27,1.59
351,Coxim,BR,2022-03-08 15:39:08,-18.5067,-54.76,90.86,47,53,8.55
352,Brighton,GB,2022-03-08 15:39:08,50.8284,-0.1395,54.41,66,9,21.85
353,Dalmatovo,RU,2022-03-08 15:39:08,56.26,62.9362,-6.25,99,50,4.92
354,Nuuk,GL,2022-03-08 15:36:32,64.1835,-51.7216,20.01,68,75,4.61
355,Thompson,CA,2022-03-08 15:34:25,55.7435,-97.8558,-0.24,71,100,13.8
356,Shubarshi,KZ,2022-03-08 15:39:09,48.5872,57.1869,15.13,95,17,8.84
357,Sinnamary,GF,2022-03-08 15:39:10,5.3833,-52.95,75.54,92,100,8.14
358,Amalapuram,IN,2022-03-08 15:40:10,16.5833,82.0167,79.18,78,0,1.99
359,Kungurtug,RU,2022-03-08 15:40:10,50.5994,97.5228,23.63,92,74,3.47
360,Laguna,US,2022-03-08 15:40:11,38.421,-121.4238,55.24,67,0,1.01
361,Sol-Iletsk,RU,2022-03-08 15:40:11,51.1631,54.9918,19.62,96,100,5.97
362,Tartagal,AR,2022-03-08 15:40:11,-22.5164,-63.8013,78.94,82,100,2.64
363,Sweetwater,US,2022-03-08 15:40:12,25.7634,-80.3731,84.02,72,75,14.97
364,Barcelos,PT,2022-03-08 15:40:12,41.5388,-8.6151,59.85,63,36,6.67
365,Sarangani,PH,2022-03-08 15:40:13,5.4033,125.4636,80.87,78,26,2.17
366,Alice Springs,AU,2022-03-08 15:40:13,-23.7,133.8833,62.15,55,0,6.91
367,Ulaanbaatar,MN,2022-03-08 15:40:13,47.9077,106.8832,37.53,32,40,2.24
368,Ngunguru,NZ,2022-03-08 15:40:14,-35.6167,174.5,63.16,74,100,11.3
369,Ponferrada,ES,2022-03-08 15:40:14,42.5466,-6.5962,53.46,68,85,10.0
370,Vestmanna,FO,2022-03-08 15:40:15,62.1564,-7.1664,40.12,75,100,25.32
371,Cherat,PK,2022-03-08 15:40:15,33.8233,71.8915,55.33,48,99,4.99
372,Dhidhdhoo,MV,2022-03-08 15:40:15,6.8833,73.1,81.9,71,23,1.81
373,Imbituba,BR,2022-03-08 15:40:16,-28.24,-48.6703,84.09,69,68,8.14
374,Camacari,BR,2022-03-08 15:40:16,-12.6975,-38.3242,87.57,56,45,10.09
375,Tiznit,MA,2022-03-08 15:40:16,29.5833,-9.5,64.36,40,33,10.07
376,San Quintin,MX,2022-03-08 15:40:17,30.4833,-115.95,59.63,38,0,4.74
377,Leningradskiy,RU,2022-03-08 15:40:17,69.3833,178.4167,-0.56,93,22,4.41
378,Vaitape,PF,2022-03-08 15:40:18,-16.5167,-151.75,80.76,75,100,13.98
379,Abha,SA,2022-03-08 15:40:18,18.2164,42.5053,67.82,68,20,11.5
380,Beloha,MG,2022-03-08 15:40:18,-25.1667,45.05,78.06,78,0,12.12
381,Virginia Beach,US,2022-03-08 15:38:29,36.8529,-75.978,55.42,54,40,21.85
382,Gannan,CN,2022-03-08 15:40:19,47.9147,123.5031,19.92,95,9,3.29
383,Cururupu,BR,2022-03-08 15:40:19,-1.8283,-44.8683,87.28,58,85,6.02
384,Mandurah,AU,2022-03-08 15:40:20,-32.55,115.7,80.22,49,97,7.43
385,Sao Felix Do Xingu,BR,2022-03-08 15:40:20,-6.6447,-51.995,76.62,94,100,3.47
386,Tabou,CI,2022-03-08 15:40:20,4.423,-7.3528,84.61,73,60,6.46
387,Waingapu,ID,2022-03-08 15:40:21,-9.6567,120.2641,79.09,81,100,2.26
388,Yulin,CN,2022-03-08 15:40:21,22.6333,110.15,61.3,71,0,6.06
389,Dawson Creek,CA,2022-03-08 15:40:20,55.7666,-120.2362,13.35,78,0,2.3
390,Aksu,CN,2022-03-08 15:40:22,41.1231,80.2644,52.34,30,100,6.8
391,Formosa Do Rio Preto,BR,2022-03-08 15:40:22,-11.0483,-45.1931,87.06,49,54,6.38
392,Eyl,SO,2022-03-08 15:40:23,7.9803,49.8164,77.29,66,12,14.27
393,Krasnoselkup,RU,2022-03-08 15:40:23,65.7,82.4667,-18.69,94,99,14.58
394,Vila,PT,2022-03-08 15:40:23,42.0304,-8.1588,46.74,87,74,7.58
395,Znamenskoye,RU,2022-03-08 15:40:24,57.1281,73.8282,1.71,91,100,9.06
396,Mount Gambier,AU,2022-03-08 15:40:24,-37.8333,140.7667,53.51,76,78,10.36
397,Yerbogachen,RU,2022-03-08 15:40:24,61.2767,108.0108,14.0,96,100,5.68
398,Salta,AR,2022-03-08 15:40:25,-24.7859,-65.4117,75.58,78,75,4.61
399,Vao,NC,2022-03-08 15:40:25,-22.6667,167.4833,79.11,71,22,2.42
400,Mahibadhoo,MV,2022-03-08 15:40:25,3.7833,72.9667,82.45,68,20,7.47
401,Udachnyy,RU,2022-03-08 15:40:26,66.4167,112.4,-19.16,100,98,4.07
402,Makat,KZ,2022-03-08 15:40:26,47.6469,53.3463,35.55,54,10,10.65
403,Nicoya,CR,2022-03-08 15:40:27,10.1483,-85.452,87.35,35,6,7.78
404,Taytay,PH,2022-03-08 15:40:27,14.5678,121.1394,82.33,66,40,9.22
405,Kijang,KR,2022-03-08 15:40:27,35.2442,129.2139,42.53,40,89,3.18
406,Rapid Valley,US,2022-03-08 15:41:28,44.0625,-103.1463,28.96,75,75,27.63
407,Sao Joao Da Barra,BR,2022-03-08 15:41:28,-21.6403,-41.0511,87.89,73,12,12.39
408,Longwood,US,2022-03-08 15:40:07,28.7031,-81.3384,80.02,82,100,4.61
409,Bandrele,YT,2022-03-08 15:41:28,-12.9067,45.1914,83.95,79,75,9.22
410,Dodge City,US,2022-03-08 15:41:29,37.7528,-100.0171,39.25,58,0,8.05
411,Pontianak,ID,2022-03-08 15:41:29,-0.0333,109.3333,78.78,88,40,3.44
412,Carman,CA,2022-03-08 15:41:29,49.4992,-98.0016,23.65,92,70,17.63
413,Lima,PE,2022-03-08 15:41:30,-12.0432,-77.0282,79.05,57,0,9.22
414,Palm Coast,US,2022-03-08 15:41:10,29.585,-81.2078,82.04,73,75,7.0
415,Elko,US,2022-03-08 15:41:30,41.0002,-115.5012,26.64,71,100,13.0
416,Auki,SB,2022-03-08 15:41:31,-8.7676,160.7034,77.49,86,100,3.36
417,Sorong,ID,2022-03-08 15:41:31,-0.8833,131.25,80.44,84,96,5.57
418,Bonavista,CA,2022-03-08 15:41:31,48.6499,-53.1147,35.11,96,100,32.12
419,Heihe,CN,2022-03-08 15:41:32,50.2441,127.4902,27.18,97,30,4.21
420,Hambantota,LK,2022-03-08 15:41:32,6.1241,81.1185,79.14,100,75,2.3
421,Durham,US,2022-03-08 15:41:32,36.0335,-78.8664,57.79,55,75,8.05
422,Bridgeton,US,2022-03-08 15:41:33,39.4273,-75.2341,47.98,40,40,17.27
423,Sakakah,SA,2022-03-08 15:41:33,29.9697,40.2064,74.77,27,100,3.51
424,Shelopugino,RU,2022-03-08 15:41:33,51.6514,117.5599,18.37,92,100,4.43
425,Vagamo,NO,2022-03-08 15:41:34,61.8751,9.0967,29.07,75,90,1.34
426,Nome,US,2022-03-08 15:41:34,64.5011,-165.4064,26.67,86,100,13.8
427,Ilulissat,GL,2022-03-08 15:41:34,69.2167,-51.1,10.42,48,20,21.85
428,Kodinsk,RU,2022-03-08 15:41:35,58.6881,99.1844,19.92,99,100,2.3
429,Palma Di Montechiaro,IT,2022-03-08 15:41:35,37.1926,13.765,54.97,52,48,18.43
430,Leh,IN,2022-03-08 15:41:35,34.1667,77.5833,9.43,70,76,2.84
431,Gigmoto,PH,2022-03-08 15:41:36,13.7796,124.39,78.15,85,95,14.99
432,Pisco,PE,2022-03-08 15:41:36,-13.7,-76.2167,75.25,73,75,3.44
433,Ichnya,UA,2022-03-08 15:41:36,50.8626,32.3942,29.93,89,100,7.78
434,Saint George,US,2022-03-08 15:41:37,37.1041,-113.5841,41.34,35,2,3.0
435,Ishigaki,JP,2022-03-08 15:41:37,24.3448,124.1572,67.42,56,67,15.68
436,Lorengau,PG,2022-03-08 15:41:37,-2.0226,147.2712,80.58,78,86,4.23
437,Akureyri,IS,2022-03-08 15:39:07,65.6835,-18.0878,35.53,80,75,4.61
438,Atar,MR,2022-03-08 15:41:38,20.5169,-13.0499,87.85,25,15,13.8
439,San Carlos De Bariloche,AR,2022-03-08 15:41:38,-41.1456,-71.3082,56.95,58,75,26.46
440,Dingle,PH,2022-03-08 15:41:38,10.9995,122.6711,75.85,91,69,7.54
441,Megion,RU,2022-03-08 15:41:39,61.0296,76.1136,-4.99,90,100,15.48
442,Parrita,CR,2022-03-08 15:41:39,9.5201,-84.3225,90.99,48,6,6.31
443,Nawa,IN,2022-03-08 15:41:39,27.0167,75.0,71.46,44,15,7.4
444,Arona,ES,2022-03-08 15:41:40,28.0996,-16.681,63.01,55,40,19.57
445,Mount Isa,AU,2022-03-08 15:41:40,-20.7333,139.5,82.17,28,2,9.22
446,Camacupa,AO,2022-03-08 15:41:40,-12.0167,17.4833,70.92,86,100,3.36
447,Balakhninskiy,RU,2022-03-08 15:41:41,58.0106,114.2769,21.22,98,98,1.43
448,Skelleftea,SE,2022-03-08 15:41:41,64.7507,20.9528,27.0,67,100,4.61
449,Panguipulli,CL,2022-03-08 15:41:41,-39.6333,-72.3333,53.31,96,100,5.77
450,Saint Anthony,US,2022-03-08 15:41:42,45.0205,-93.218,33.66,64,0,14.97
451,Glushkovo,RU,2022-03-08 15:41:42,51.3392,34.6328,28.13,97,100,9.04
452,Grand Gaube,MU,2022-03-08 15:41:42,-20.0064,57.6608,79.2,90,80,1.01
453,Mayo,US,2022-03-08 15:41:43,38.8876,-76.5119,49.24,48,0,17.0
454,Arandis,NA,2022-03-08 15:42:43,-22.4167,14.9667,58.46,44,0,10.78
455,Valley Station,US,2022-03-08 15:42:43,38.1112,-85.8702,40.05,64,100,6.91
456,Carutapera,BR,2022-03-08 15:42:43,-1.195,-46.02,82.9,77,96,5.14
457,Portland,US,2022-03-08 15:42:44,45.5234,-122.6762,44.87,91,100,8.01
458,San Borja,BO,2022-03-08 15:42:44,-14.8167,-66.85,78.55,86,98,1.25
459,Okhotsk,RU,2022-03-08 15:42:44,59.3833,143.3,6.69,78,100,14.65
460,North Bend,US,2022-03-08 15:38:55,43.4065,-124.2243,42.17,98,100,5.75
461,Kemijarvi,FI,2022-03-08 15:42:45,66.7131,27.4306,9.48,98,93,1.72
462,Puerto Del Rosario,ES,2022-03-08 15:42:45,28.5004,-13.8627,67.75,60,20,13.8
463,Benghazi,LY,2022-03-08 15:42:46,32.1167,20.0667,59.0,73,81,13.91
464,Chachapoyas,PE,2022-03-08 15:42:46,-6.2317,-77.869,67.71,55,81,4.52
465,Eydhafushi,MV,2022-03-08 15:42:46,5.1033,73.0708,82.26,69,7,5.5
466,Muravlenko,RU,2022-03-08 15:42:47,63.7898,74.523,-19.79,96,81,15.14
467,Manta,EC,2022-03-08 15:42:29,-0.95,-80.7333,82.18,69,40,8.05
468,Kouroussa,GN,2022-03-08 15:42:47,10.65,-9.8833,101.01,10,20,4.79
469,Tilichiki,RU,2022-03-08 15:42:47,60.4667,166.1,20.05,87,100,8.84
470,Binga,ZW,2022-03-08 15:42:48,-17.6203,27.3414,80.73,69,22,4.76
471,Ojinaga,MX,2022-03-08 15:42:48,29.5667,-104.4167,50.58,37,0,5.75
472,Puerto Escondido,MX,2022-03-08 15:42:48,15.85,-97.0667,84.56,45,5,3.06
473,Hervey Bay,AU,2022-03-08 15:42:49,-25.2986,152.8535,81.03,88,1,12.24
474,Brae,GB,2022-03-08 15:42:49,60.3964,-1.353,44.51,77,49,33.04
475,Monterey,US,2022-03-08 15:38:07,36.2505,-121.2516,37.6,37,0,1.63
476,Mandera,KE,2022-03-08 15:42:49,3.9366,41.867,91.81,22,34,3.33
477,Chulman,RU,2022-03-08 15:42:50,56.8479,124.9104,-2.38,100,100,0.96
478,Havoysund,NO,2022-03-08 15:42:50,70.9963,24.6622,35.83,71,100,20.54
479,Sobolevo,RU,2022-03-08 15:42:50,54.4299,31.8996,20.17,92,100,7.05
480,Shar,KZ,2022-03-08 15:42:51,49.5886,81.0453,4.21,99,64,3.33
481,Payo,ID,2022-03-08 15:42:51,-3.7508,103.6372,73.9,96,94,2.26
482,Fairbanks,US,2022-03-08 15:38:12,64.8378,-147.7164,5.0,77,0,0.0
483,Asfi,MA,2022-03-08 15:42:52,32.2994,-9.2372,63.27,61,2,15.19
484,Gumdag,TM,2022-03-08 15:42:52,39.2061,54.5906,57.06,40,100,5.61
485,Whitecourt,CA,2022-03-08 15:40:23,54.1502,-115.6855,13.24,73,20,12.66
486,Chiquinquira,CO,2022-03-08 15:42:52,5.6164,-73.8175,56.3,81,96,3.04
487,Otukpo,NG,2022-03-08 15:42:53,7.1913,8.1329,102.4,23,98,4.12
488,Shimoda,JP,2022-03-08 15:42:53,34.6667,138.95,43.11,79,40,10.33
489,Nanga Eboko,CM,2022-03-08 15:42:53,4.6833,12.3667,91.06,31,100,2.75
490,Ulychne,UA,2022-03-08 15:42:54,49.2338,23.6511,30.06,72,100,10.04
491,Saint-Dizier,FR,2022-03-08 15:42:54,48.4167,5.0833,53.2,57,4,6.33
492,Tecolutilla,MX,2022-03-08 15:42:54,18.2833,-93.3167,78.94,78,100,4.63
493,Abonnema,NG,2022-03-08 15:42:55,4.7084,6.7931,90.81,56,91,12.21
494,Lichinga,MZ,2022-03-08 15:42:55,-13.3128,35.2406,65.73,95,92,3.89
495,Middle Island,US,2022-03-08 15:42:55,40.8843,-72.9373,45.97,48,20,28.77
496,Bilibino,RU,2022-03-08 15:42:56,68.0546,166.4372,-5.96,98,75,4.23
497,Souillac,MU,2022-03-08 15:42:56,-20.5167,57.5167,79.18,89,75,4.61
498,Moree,AU,2022-03-08 15:42:56,-29.4667,149.85,68.02,88,3,8.05
499,Clyde River,CA,2022-03-08 15:42:57,70.4692,-68.5914,-7.37,71,100,12.66
500,Powell River,CA,2022-03-08 15:42:57,49.8496,-124.5361,46.4,100,75,2.3
501,Mayumba,GA,2022-03-08 15:42:57,-3.432,10.6554,82.18,82,98,10.07
502,Kibondo,TZ,2022-03-08 15:43:58,-3.5864,30.7203,68.99,80,95,3.53
503,Maun,BW,2022-03-08 15:40:27,-19.9833,23.4167,79.38,55,82,3.38
504,Khargapur,IN,2022-03-08 15:43:58,24.823,79.144,76.14,22,56,1.79
505,Mae Sai,TH,2022-03-08 15:43:59,20.4335,99.8762,72.72,84,39,2.08
506,Massaguet,TD,2022-03-08 15:43:59,12.4755,15.4365,109.44,7,100,9.04
507,Haradok,BY,2022-03-08 15:43:59,55.4624,29.9816,24.91,85,93,4.72
508,Qui Nhon,VN,2022-03-08 15:44:00,13.7667,109.2333,70.3,77,26,8.93
509,Lakatoro,VU,2022-03-08 15:44:00,-16.0999,167.4164,80.29,84,91,5.06
510,Talas,TR,2022-03-08 15:44:00,38.6908,35.5538,43.47,61,75,5.75
511,Totskoye,RU,2022-03-08 15:44:01,52.5248,52.7623,22.78,97,100,3.2
512,Trinidad,BO,2022-03-08 15:44:01,-14.8333,-64.9,80.58,83,75,4.61
513,Hasaki,JP,2022-03-08 15:44:02,35.7333,140.8333,39.29,61,69,18.01
514,Kuching,MY,2022-03-08 15:44:02,1.55,110.3333,75.42,94,20,0.0
515,General Roca,AR,2022-03-08 15:44:02,-39.0333,-67.5833,85.62,13,17,23.13
516,Eston,CA,2022-03-08 15:44:03,51.1501,-108.7514,8.49,89,100,16.26
517,Sibolga,ID,2022-03-08 15:44:03,1.7427,98.7792,77.5,85,100,2.35
518,Botngard,NO,2022-03-08 15:44:04,63.7653,9.8111,44.42,61,0,14.97
519,Tomatlan,MX,2022-03-08 15:44:04,19.9333,-105.25,79.36,39,0,2.08
520,Yuxia,CN,2022-03-08 15:44:05,34.0615,108.6291,50.61,53,0,1.7
521,Moyobamba,PE,2022-03-08 15:44:05,-6.05,-76.9667,76.71,75,100,2.75
522,Muisne,EC,2022-03-08 15:44:05,0.6,-80.0333,84.31,73,94,6.26
523,Plouzane,FR,2022-03-08 15:44:06,48.3833,-4.6167,55.72,68,20,17.27
524,Cairns,AU,2022-03-08 15:44:06,-16.9167,145.7667,82.06,95,100,9.22
525,Marzuq,YE,2022-03-08 15:44:07,14.4,46.4667,69.82,33,85,7.81
526,Issenye,TZ,2022-03-08 15:44:07,-2.0,34.3333,68.65,81,66,6.31
527,Tebingtinggi,ID,2022-03-08 15:44:07,3.3285,99.1625,77.05,90,98,1.86
528,Babu,CN,2022-03-08 15:44:08,24.4167,111.5167,60.66,57,0,3.69
529,Mondlo,ZA,2022-03-08 15:44:08,-27.983,30.7177,66.38,88,99,12.88
530,Yar-Sale,RU,2022-03-08 15:44:09,66.8333,70.8333,-16.91,96,25,12.93
531,Dicabisagan,PH,2022-03-08 15:44:09,17.0818,122.4157,72.05,89,100,8.43
532,Superior,US,2022-03-08 15:40:02,46.7208,-92.1041,28.22,75,100,16.11
533,Itoman,JP,2022-03-08 15:44:09,26.1247,127.6694,60.82,66,20,8.05
534,Qena,EG,2022-03-08 15:44:10,26.1615,32.7183,86.11,10,100,3.8
535,Fayaoue,NC,2022-03-08 15:44:10,-20.65,166.5333,81.14,73,96,1.45
536,Gizo,SB,2022-03-08 15:44:11,-8.103,156.8419,82.65,75,93,3.96
